[
  {
    "id": 40281,
    "name": "John"
  },
  {
    "id": 40282,
    "name": "James"
  },
  {
    "id": 40285,
    "name": "Anthony"
  },
  {
    "id": 68421,
    "name": "Robert"
  },
  {
    "id": 40284,
    "name": "Ann"
  },
  {
    "id": 40273,
    "name": "Mary"
  },
  {
    "id": 40278,
    "name": "Seth"
  },
  {
    "id": 40268,
    "name": "Richard"
  },
  {
    "id": 40279,
    "name": "Liz"
  },
  {
    "id": 40277,
    "name": "Andrew"
  },
  {
    "id": 40286,
    "name": "Alex"
  },
  {
    "id": 40270,
    "name": "Kasey"
  },
  {
    "id": 40272,
    "name": "Jennifer"
  },
  {
    "id": 40274,
    "name": "Helena"
  },
  {
    "id": 40275,
    "name": "Erika"
  },
  {
    "id": 40276,
    "name": "Harry"
  },
  {
    "id": 40271,
    "name": "Tom"
  },
  {
    "id": 40267,
    "name": "Leonard"
  },
  {
    "id": 40280,
    "name": "Benjamin"
  },
  {
    "id": 40283,
    "name": "Fred"
  }
]